{
  "main": {
    "id": "5fa897324227479a",
    "type": "split",
    "children": [
      {
        "id": "75da6e8bfce8f812",
        "type": "tabs",
        "children": [
          {
            "id": "9cbf72607419845b",
            "type": "leaf",
            "state": {
              "type": "markdown",
              "state": {
                "file": "report.MD",
                "mode": "preview",
                "source": false
              }
            }
          }
        ]
      }
    ],
    "direction": "vertical"
  },
  "left": {
    "id": "06ed1fb02452f438",
    "type": "split",
    "children": [
      {
        "id": "781d0f6782474f57",
        "type": "tabs",
        "children": [
          {
            "id": "5f35f636f3219842",
            "type": "leaf",
            "state": {
              "type": "file-explorer",
              "state": {
                "sortOrder": "alphabetical"
              }
            }
          },
          {
            "id": "e687867b85d9c68f",
            "type": "leaf",
            "state": {
              "type": "search",
              "state": {
                "query": "",
                "matchingCase": false,
                "explainSearch": false,
                "collapseAll": false,
                "extraContext": false,
                "sortOrder": "alphabetical"
              }
            }
          },
          {
            "id": "96e3a2509324c02a",
            "type": "leaf",
            "state": {
              "type": "starred",
              "state": {}
            }
          }
        ]
      }
    ],
    "direction": "horizontal",
    "width": 300
  },
  "right": {
    "id": "a4474f730b6c3359",
    "type": "split",
    "children": [
      {
        "id": "60a0f4112764c97a",
        "type": "tabs",
        "children": [
          {
            "id": "af3804f8f0d8f84f",
            "type": "leaf",
            "state": {
              "type": "backlink",
              "state": {
                "file": "report.MD",
                "collapseAll": false,
                "extraContext": false,
                "sortOrder": "alphabetical",
                "showSearch": false,
                "searchQuery": "",
                "backlinkCollapsed": false,
                "unlinkedCollapsed": true
              }
            }
          },
          {
            "id": "cd7f4e598a422f02",
            "type": "leaf",
            "state": {
              "type": "outgoing-link",
              "state": {
                "file": "report.MD",
                "linksCollapsed": false,
                "unlinkedCollapsed": true
              }
            }
          },
          {
            "id": "f18afc997708d03c",
            "type": "leaf",
            "state": {
              "type": "tag",
              "state": {
                "sortOrder": "frequency",
                "useHierarchy": true
              }
            }
          },
          {
            "id": "8850977c377625d4",
            "type": "leaf",
            "state": {
              "type": "outline",
              "state": {
                "file": "report.MD"
              }
            }
          }
        ]
      }
    ],
    "direction": "horizontal",
    "width": 300,
    "collapsed": true
  },
  "left-ribbon": {
    "hiddenItems": {
      "switcher:Open quick switcher": false,
      "graph:Open graph view": false,
      "canvas:Create new canvas": false,
      "daily-notes:Open today's daily note": false,
      "templates:Insert template": false,
      "command-palette:Open command palette": false
    }
  },
  "active": "9cbf72607419845b",
  "lastOpenFiles": [
    "src/test",
    "src/main.o",
    "src/src.o",
    "src/bash.o",
    "src/bash-d1fa1923.o.tmp",
    "src/src-af7c61ae.o.tmp",
    "photo.jpg",
    "readme.MD",
    "report.MD",
    "desc/commit.md",
    "desc/timeline.md",
    "desc/preliminary.md",
    "desc/multi_instant.md",
    "src/src-ecaf8d6f.o.tmp",
    "src/file_text.txt",
    "src/src-00666fe5.o.tmp",
    "src/bash-1930278e.o.tmp",
    "main-version/V4.txt",
    "description.MD",
    "desc/branch-fusion.md",
    "desc/sub_img/Bash_command.png",
    "desc/sub_img/method-fusion.png",
    "desc/sub_img/fusion.png",
    "desc/sub_img/timeline.png",
    "desc/sub_img/commit.png"
  ]
}